Date,Mean,2012,2013,2014,2015,2016,2017,2018,2019,2020,2021,2022,2023,2024
01/01/2016,105.07,,98.69,118.6,113.56,103.54,94.37,111.9,115.7,107.67,94.83,109.17,104.05,94.31
02/01/2016,107.48,,101.12,121.94,115.23,105.79,95.9,115.38,118,110.68,96.48,112.22,105.68,96.94
03/01/2016,109.12,,103.11,124.59,116.69,106.95,97.24,118.54,119.93,112.11,97.77,113.69,106.64,98.25
04/01/2016,110.28,,104.31,126.99,116.31,108.5,97.9,120.96,121.11,114.36,99.21,113.48,107.14,99.54
05/01/2016,110.92,,104.18,128.76,115.83,108.55,99.05,123.11,121.93,115.98,99.57,112.57,107.1,100.62
06/01/2016,111.47,,103.36,129.14,115.88,108.56,100.59,125.57,122.87,117.13,99.02,112.7,107.04,101.01
07/01/2016,111.78,,103.29,128.64,116.13,108.26,102.2,126.33,123.64,117.52,98.35,113.54,107.56,100.87
08/01/2016,112.22,,103.24,127.76,116.43,108.78,103.09,126.39,124.18,119.51,97.9,113.72,108.77,101.79
09/01/2016,112.29,,103.53,126.36,115.31,109.34,103.41,125.84,124.44,120.68,97.01,113.98,109.93,102.14
10/01/2016,112.24,,102.98,125.57,113.58,109,105.3,125.55,123.46,121.25,96.9,114.14,110.2,102.65
11/01/2016,112.37,,102.8,124.99,114.12,108.98,105.65,125.1,125.73,120.69,96.16,114.5,110.31,102.92
12/01/2016,112.32,,102.32,124.41,114.92,108.28,105.68,123.44,126.5,121.49,95.39,115.34,110.5,103.33
13/01/2016,112.22,,102.71,124.37,115.46,107.53,105.77,123.15,125.4,121.75,95.12,116.22,110.32,103.43
14/01/2016,111.87,,103.26,124.06,116.63,106.84,106.1,122.27,124.03,120.59,94.58,116.08,110.27,102.69
15/01/2016,111.44,,102.8,123.42,117.17,107.54,106.08,120.78,123.46,120,93.63,115.42,109.41,101.94
16/01/2016,111.21,,102.64,123.41,117.75,108.86,105.11,119.28,123.24,119.27,92.72,114.91,109.01,101.86
17/01/2016,111.47,,102.57,123.17,119.07,110.52,104.46,121.5,123.27,117.41,92.79,114.61,109.17,102.06
18/01/2016,111.48,,102.74,122.33,119.8,111.38,103.47,121.13,123.21,115.84,94.23,114.28,109.69,102.97
19/01/2016,111.27,,102.41,121.73,119.04,111.24,101.88,120.93,122.84,115.79,94.79,114.87,110.25,101.9
20/01/2016,111.12,,102.73,121,120.61,110.76,101.13,120.17,122.41,115.52,94.54,114.69,111.04,102.01
21/01/2016,110.83,,103.39,120.77,120.86,109.96,100.1,119.56,123.47,115.5,94.55,114.26,111.21,101.6
22/01/2016,110.83,,103.82,120.22,121.07,110.05,99.73,119.2,124.46,115.78,94.84,114.35,110.57,101.91
23/01/2016,110.83,,103.9,120.84,120.84,110.49,99.1,118.84,125.63,115.17,95.08,114.6,109.3,102.34
24/01/2016,110.9,,102.13,121.1,120.75,110.56,99.53,118.67,126.18,116.2,95.56,115.44,107.9,103.08
25/01/2016,110.83,,102.65,119.68,120.95,109.61,99.31,119.88,126.75,116.88,95.84,114.17,107.13,103.81
26/01/2016,110.88,,103.64,118.27,121.64,108.08,101.1,120.65,126.78,116.99,96.56,112.64,107.46,103.98
27/01/2016,111.15,,104.96,119.49,121.72,107.24,101.61,119.76,126.74,117.8,97.89,111.71,108.14,103.81
28/01/2016,111.41,,106.92,119.57,120.43,107.41,101.95,118.98,125.43,118.94,99.43,110.87,109.03,104.5
29/01/2016,111.96,,108.73,118.36,120.53,107.01,102.47,119.45,125.71,119.83,100.33,111.72,110.53,104.7
30/01/2016,112.33,,110.34,117.12,120.33,107.04,102.96,120.13,125.72,120.53,100.85,113.19,111.6,104.18
31/01/2016,112.66,,112.15,116.02,120.82,108.26,102.62,120.25,126.41,120.58,101.88,114.67,111.14,103.57
01/02/2016,112.82,,114.05,115.35,121.68,108.77,101.75,121.12,125.97,120.25,102.41,115.09,110.8,103.88
02/02/2016,112.84,,114.67,114.87,122.66,109.57,101.99,121.08,125.93,119.74,102.14,114.59,111.15,103.79
03/02/2016,112.91,,115.71,115.12,122.1,110.09,102.64,122.75,125.39,118.77,101.64,115.12,111.35,103.63
04/02/2016,112.86,,116.02,115.06,120.63,110.27,104.5,122.26,125.06,117.86,101.45,116.06,111.86,103.69
05/02/2016,112.91,,117.68,114.57,120.4,111.07,106.11,120.68,123.95,117.74,101.73,117.01,111.3,103.97
06/02/2016,113.39,,118.42,115.13,120.08,112.37,107.33,121.26,123.76,117.47,102.23,118.51,112.53,103.97
07/02/2016,113.38,,118.26,115.96,119.62,113.06,107.63,119.29,124.41,117.37,103.43,117.7,112.69,104.73
08/02/2016,113.69,,118.02,116.24,119.52,114.93,107.31,120.27,123.39,117.42,104.49,118.14,113.34,105
09/02/2016,114.17,,118.53,116.54,119.75,116.18,107.09,121.2,122.96,118.82,104.6,119.07,115.09,104.27
10/02/2016,114.26,,118.46,117.25,119.67,116.78,107.13,120.46,122.54,119.65,104.74,118.95,116.03,103.39
11/02/2016,114.46,,118.55,118.24,120.48,116.81,106.8,120.14,120.89,121.17,105.07,118.7,116.24,103.51
12/02/2016,114.83,,118.78,119.14,121.44,116.7,106.54,120.64,121.03,121.82,106.25,118.15,115.52,104.94
13/02/2016,115.04,,118.75,120.27,122.63,116.97,105.82,118.98,120.87,122.35,107.5,116.83,116.34,106.51
14/02/2016,115.44,,119.49,121.32,124.32,116.73,105.39,119.21,121.49,122.32,108.71,115.91,117.81,107.36
15/02/2016,116,,120.25,121.86,124.92,116.49,105.95,120.2,123.32,122.88,109.41,115.65,119.17,107.36
16/02/2016,116.92,,121.09,122.03,125.58,117.15,107.44,121.27,124.02,123.72,111.21,116.52,120.57,107.13
17/02/2016,117.92,,122.34,122.33,126.61,117,109.71,122.22,124.85,124.28,113.04,117.71,121.4,107.36
18/02/2016,118.64,,124.12,122.5,126.56,117.27,112.07,121.54,125,124.97,115.01,118.91,121.51,107.58
19/02/2016,118.91,,126.04,121.87,125.97,117.09,113.9,120.83,124.44,124,116.44,119.87,120.78,107.56
20/02/2016,119.26,,126.85,122.62,124.74,116.99,115.72,119.57,124.34,123.04,118.15,120.66,120.98,107.92
21/02/2016,119.7,,126.88,124.66,124.79,116.24,117.59,119.32,125.27,122.33,118.71,121.29,121.35,107.68
22/02/2016,120.41,,126.63,125.67,125.46,116.61,118.13,119.43,127.14,123.52,119.96,121.6,121.63,107.74
23/02/2016,121.16,,126.81,127.36,126.17,116.62,119.11,120.06,128.3,124.37,121.55,121.46,121.67,109.28
24/02/2016,121.82,,126.93,128.71,126.51,116.4,119.89,120.59,129.43,124.92,122.04,122.61,121.18,111.28
25/02/2016,121.96,,127.73,128.89,127.34,116.66,120.11,120.55,129.07,124.44,121.48,123.82,120.26,112.47
26/02/2016,122.13,,128.31,129.91,127.63,117.8,119.09,120.87,128.38,125.04,120.4,123.7,119.64,113.13
27/02/2016,122.67,,128.29,130.72,129.5,117.92,121.72,121.21,129.14,125.61,119.19,124.13,119.69,114
28/02/2016,123.34,,128.31,131.68,132.41,118.16,121.68,120.95,130.31,126.77,118.22,124.46,120.36,116.05
29/02/2016,124.5,,128.63,131.51,132.58,118.01,121.59,121.18,130.44,128.11,118.21,124.78,120.65,118.25
01/03/2016,125,,128.94,131.35,132.76,119.99,121.51,121.4,130.58,129.25,118.2,125.18,120.9,119.94
02/03/2016,125.63,,129.02,130.69,133.62,122.77,122.47,122.22,130.41,129.81,118.48,126.3,121.74,119.97
03/03/2016,126.75,,129.19,130.86,134.85,125.43,124.75,123.37,131.54,131.58,119.13,127.89,123.05,119.37
04/03/2016,127.78,,130.09,131.91,134.74,127.58,126.24,125.19,131.65,133.26,119.94,129.2,124.37,119.23
05/03/2016,128.94,,130.98,131.86,135.86,128.15,128.01,127.31,132.75,135.3,121.22,130.71,125.14,119.95
06/03/2016,129.95,,131.45,132.72,136.56,128.38,129.34,129.2,133.64,137.76,121.6,131.69,126.05,120.96
07/03/2016,130.73,,131.21,134.97,136.93,128.26,130.53,130.89,135.07,139.11,121.98,131.83,125.85,122.18
08/03/2016,131.37,,130.59,136.33,137.19,128.74,131.33,131.99,136.1,140.4,122.32,131.48,126.5,123.41
09/03/2016,132.12,,131.07,137.25,137.05,130.2,132.39,132.98,137.1,141.48,122.11,131.91,126.91,124.97
10/03/2016,132.91,,131.23,138.46,137.19,131.81,132.3,133.6,138.13,141.65,122.15,133.46,128.09,126.81
11/03/2016,133.45,,132.37,138.81,136.77,132.52,130.37,134.68,138.22,141.8,123.54,134.53,129.75,127.98
12/03/2016,134.08,,133.1,139.37,137.53,133.05,128.8,135.84,138.56,141.67,125.19,134.38,131.84,129.61
13/03/2016,135.26,,133.26,140.34,139.11,133.63,130.47,137.39,139.97,141.11,127.17,135.31,134.18,131.18
14/03/2016,136.11,,133.8,141.6,140.26,134.79,131.23,138.78,142.13,140.3,127.92,134.77,135.06,132.73
15/03/2016,136.92,,133.76,142.71,140.58,135.26,133.04,139.61,144.13,140.43,128.81,134.73,135.55,134.42
16/03/2016,137.58,,133.57,142.95,140.16,136.13,135.54,140.87,145.75,140.93,129.83,134.08,135.89,135.31
17/03/2016,138.08,,133.44,143.72,139.95,136.71,137.16,142.15,146.44,141.93,130.35,132.79,136.18,136.08
18/03/2016,138.58,,133.44,144.55,139.83,137.38,138.07,143.61,146.18,141.75,130.88,133.46,137.02,136.79
19/03/2016,139.57,,134.34,145.97,140.78,138.33,138.1,145.4,147.67,141.67,132.65,134.21,137.91,137.76
20/03/2016,140.08,,135.3,146.69,142.04,139.57,137.03,146.43,147.21,141.26,134.34,135.02,137.62,138.42
21/03/2016,140.8,,136.89,147.12,142.4,140.76,137.33,146.39,147.06,141.73,135.88,136.93,137.87,139.21
22/03/2016,141.51,,138.09,148.19,142.09,141.94,137.91,146.88,147.49,141.55,137.23,138.42,138.4,139.87
23/03/2016,142.66,,139.15,148.89,143.1,143.07,137.79,147.92,148.49,144.79,139.55,139.19,139.16,140.82
24/03/2016,143.67,,140.46,149.68,143.94,144.62,138.1,148.78,149.22,146.75,141.36,139.66,139.82,141.68
25/03/2016,144.63,,141.83,151.28,145.01,146.6,138.35,149.5,149.84,148.18,142.51,140.16,140.66,141.69
26/03/2016,145.62,,143.31,153.04,146.2,148.44,140.09,149.6,150.12,148.19,144.3,140.53,142.03,141.61
27/03/2016,146.84,,145.34,154.78,147.75,149.71,141.19,150.48,150.51,148.17,146.69,141.86,142.72,142.85
28/03/2016,148.01,,147.55,156.86,149.39,151.44,141.34,150.83,151.4,147.69,149.22,143.37,143.13,143.86
29/03/2016,149.04,,149.33,157.04,150.29,152.07,141.65,151.99,152.2,148.01,151.6,144.47,144.64,145.15
30/03/2016,150.09,,150.88,156.31,152.16,153.49,142.47,153.69,152.81,147.63,152.52,146.74,146.29,146.1
31/03/2016,150.86,,151.3,156.66,153.45,155.09,143.16,154.38,153.49,147.55,151.9,148.39,148.47,146.47
01/04/2016,151.38,,150.72,156.85,155.04,154.93,144.38,154.63,154.42,147.6,151.69,149.59,150.23,146.52
02/04/2016,152.06,,150.08,157.18,156.62,154.97,145.69,155.77,155.11,147.73,151.73,150.42,151.88,147.56
03/04/2016,153,,150.48,157.49,157.63,155.72,146.82,157.52,155.53,148.98,153.3,151.38,153.19,147.98
04/04/2016,154.12,,150.74,158.19,158.25,157.34,150.17,158,156.69,149.52,154.14,152.35,154.92,149.09
05/04/2016,155.15,,150.88,159.88,159.24,156.52,151.58,158.14,158.64,150.38,155.12,153.51,156.37,151.58
06/04/2016,156.38,,150.91,161.4,160.36,159.4,151.76,159.45,160.48,150.38,156.7,154.16,158.1,153.5
07/04/2016,157.29,,151.4,163.3,160.97,160.76,152.29,160.64,160.94,151.63,158.53,154.19,158.62,154.23
08/04/2016,158.2,,152.64,164.86,160.4,161.8,153.65,162.1,160.94,153.26,159.77,155.45,159.32,154.19
09/04/2016,159.1,,153.27,166.13,160.57,163.32,155.11,162.85,160.73,154.95,160.68,157.54,159.97,154.11
10/04/2016,160.04,,154.06,168,161.11,163.96,156.37,162.97,161.1,156.19,160.5,160.04,160.8,155.34
11/04/2016,161.02,,154.35,168.76,162.07,163.88,157.55,163.78,162.84,157.64,160.79,163.27,161.28,156.07
12/04/2016,161.56,,155.3,169.04,163.05,163.4,158.83,164.48,163.62,158.78,160.21,164.13,161.96,155.93
13/04/2016,161.93,,156.7,168.39,163.33,163.67,158.99,165.73,164.88,159.37,158.08,163.76,163.42,156.85
14/04/2016,162.73,,158.49,168.63,163.93,164.28,159.12,167.36,166.39,160.25,156.96,164.27,164.51,158.51
15/04/2016,163.3,,159.79,169.16,163.68,163.96,158.77,168.21,167.47,161.98,156.14,164.68,165.44,160.33
16/04/2016,164.11,,160.88,170.28,163.52,165.22,159.54,168.91,167.71,162.44,156.21,165.92,167.12,161.54
17/04/2016,164.77,,161.81,170.48,163.58,166.18,160.17,169.84,168.54,161.97,156.08,167.82,168.15,162.59
18/04/2016,165.34,,162.67,170.47,162.73,168.12,160.54,170.65,168.78,161.02,157.22,169.81,168.9,163.15
19/04/2016,165.78,,163.18,169.82,162.27,168.41,161.21,171.6,169.49,160.67,157.8,171.74,169.34,163.78
20/04/2016,166.36,,163.96,170.01,161.88,168.47,162.5,172.86,170.78,162.11,158.12,172.3,169.62,163.74
21/04/2016,166.9,,164.84,170.69,161.7,168.56,163.49,173.89,171.02,162.66,158.7,173.99,170.15,163.11
22/04/2016,167.21,,164.89,170.75,161.67,169.51,164.41,174.8,171.4,163.71,159.35,174.36,169.02,162.66
23/04/2016,167.65,,165.38,171.23,162.18,169.97,165.07,174.81,170.5,164.99,159.51,174.66,168.87,164.68
24/04/2016,168.16,,166.05,172.35,162.47,170.67,165.95,174.93,169.63,165.98,158.8,175.56,168.74,166.76
25/04/2016,168.74,,167,173.44,162.89,171.21,166.2,175.43,169.76,166.23,159.99,175.77,169.2,167.8
26/04/2016,169.06,,167.48,175.49,163.04,171.29,166.46,175.8,170.33,165.38,159.98,175.75,169.77,167.99
27/04/2016,169.61,,167.08,176.67,164.01,171.98,167.36,177.32,171.57,164.28,160.41,176.3,170.66,167.65
28/04/2016,170.21,,167.8,177.28,166.18,172.63,167.72,178.08,173.38,162.63,161.43,175.77,171.19,168.43
29/04/2016,170.78,,168.43,177.41,168.19,173,168.67,178.57,174.79,162.3,161.92,175.38,171.71,168.94
30/04/2016,171.12,,168.44,177.98,169.86,173.78,169.18,177.88,174.83,162.57,162.05,175.01,172.37,169.49
01/05/2016,171.41,,167.72,178.26,171.99,173.92,170.14,177.59,174.19,163.17,163.58,174.15,172.31,169.92
02/05/2016,171.72,,167.09,178.35,173.3,173.16,171.45,177.06,173.94,164.25,165.55,174.17,171.69,170.6
03/05/2016,172.04,,166.16,177.81,174.59,172.76,172.05,178.23,174.41,165.03,167,173.78,170.61,172
04/05/2016,172.45,,166.12,177.49,175.42,173.4,172.81,179.57,174.6,165.87,168.1,173.28,169.29,173.43
05/05/2016,173.11,,166.93,178.56,175.47,173.7,173.31,180.66,175.02,166.93,169.43,173.74,169.41,174.16
06/05/2016,173.88,,167.77,179.78,175.08,174.07,174.44,181.19,175.19,167.84,171.35,175.35,170.15,174.37
07/05/2016,174.89,,169.81,180.22,174.66,175.47,175.66,181.32,175.62,169.79,173.41,176.88,171.71,174.17
08/05/2016,175.66,,170.88,180.61,174.4,176.84,176.45,181.92,176.92,170.51,175.49,177.6,173.12,173.23
09/05/2016,176.14,,171.4,180.31,174.42,177.9,175.71,183.03,177.92,171.28,177.11,177.39,173.96,173.28
10/05/2016,176.32,,171.32,180.42,173.98,177.48,176.05,184.06,177.84,171.64,178.4,176.46,174.34,173.87
11/05/2016,176.67,,171.47,181.48,174.53,178.17,177.33,184.34,177.8,172.02,178.57,175.07,175.4,173.91
12/05/2016,176.64,,171.7,182.11,174.8,178.09,177.91,184.04,177.73,172.62,177.48,174.54,174.41,174.19
13/05/2016,176.47,,171.36,182.59,175.13,178.16,177.94,182.62,177.7,171.89,176.44,174.65,174.3,174.83
14/05/2016,176.31,,170.9,182.79,175.09,178.14,177.7,181.54,178.1,172.16,175.94,174.6,173.67,175.12
15/05/2016,176.09,,171.6,181.94,175.53,178.41,177.12,180.56,178.36,171.94,174.86,174.23,173.4,175.13
16/05/2016,175.92,,171.34,181.11,176.19,178.27,176.3,180.71,178.2,172.11,173.91,174.13,173.77,174.97
17/05/2016,175.64,,171.5,181.03,176.55,177.46,175.42,181.01,177.61,172.25,172.75,174.49,173.63,174.03
18/05/2016,175.6,,171.71,181.03,177.48,177.76,174.7,181.25,176.91,172.73,172.26,175.05,172.58,173.76
19/05/2016,175.36,,170.4,179.79,178.97,178.19,174.84,180.98,176.74,172.15,171.53,175.09,172.22,173.43
20/05/2016,175.22,,169.88,179.61,179.7,178.18,174.17,181.27,177,171.73,171.6,174.84,171.75,172.9
21/05/2016,174.92,,170.03,179.4,180.75,177.52,173.6,180.17,176.88,170.57,171.73,174.71,171.18,172.49
22/05/2016,174.84,,169.33,180.72,181.15,177,173.48,179.98,176.32,169.82,172.15,174.08,172.06,171.97
23/05/2016,174.55,,168.77,180.88,181.23,175.88,173.7,180.34,176.21,168.46,171.44,173.33,172.81,171.51
24/05/2016,174.29,,169.38,180.72,180.24,176.03,173.77,180.03,175.85,167.5,170.5,171.92,174.14,171.43
25/05/2016,173.92,,169.88,180.67,179.91,175.92,173.18,179.74,175.75,165.82,169.08,171.04,174.88,171.12
26/05/2016,173.46,,169.65,180.89,179.9,175.04,172.54,179.37,175.51,164.98,168.88,170.03,174.42,170.32
27/05/2016,173.06,,168.95,180.59,180.11,174.53,171.91,179.04,176.44,164.6,168.05,169.22,173.92,169.39
28/05/2016,172.62,,168.68,180.24,180.5,175.04,171.33,178.07,176.94,163.62,167.75,168.24,172.59,168.49
29/05/2016,172.64,,169.03,180.53,180.33,175.37,170.51,178.26,177.05,162.99,167.87,168.76,172.38,168.63
30/05/2016,172.36,,169.2,180.11,179.46,176.01,169.76,177.92,177.45,163.7,167.8,168.22,171.29,167.43
31/05/2016,172.47,,169.65,179.9,179.84,176.32,168.89,177.66,178.68,164.91,167.64,167.68,170.61,167.9
01/06/2016,172.73,,170.04,178.75,180.36,176.04,168.52,179.39,179.02,166.61,167.71,167.99,170.04,168.28
02/06/2016,172.93,,170.81,176.56,181.48,175.99,168.72,179.41,179.95,168.4,168.48,167.24,169.56,168.52
03/06/2016,173.06,,170.73,175.16,181.81,176.33,168.46,179.08,180.47,170.13,168.47,166.25,169.81,170.05
04/06/2016,173.11,,171.31,174.52,182.56,174.64,168.74,179.36,180.19,171.57,167.58,166.44,169.73,170.68
05/06/2016,173.16,,171.05,174.85,182.31,173.19,169.84,179.5,180.67,172.86,167.02,166.47,169.69,170.41
06/06/2016,173.19,,170.33,174.18,183.11,172.24,169.96,179.51,180.77,174.67,166.25,166.65,169.07,171.51
07/06/2016,173,,169.06,173.7,181.98,171.34,169.64,178.91,181.03,177.29,165.99,166.87,168.59,171.6
08/06/2016,172.66,,167.97,172.88,180.79,170.4,170,178.7,181.25,178.72,164.88,166.81,167.91,171.6
09/06/2016,172.41,,167.06,172.55,180.37,169.13,170.39,178.98,181.7,178.26,165.31,166.44,167.15,171.53
10/06/2016,172.16,,165.86,172.56,179.65,167.55,171.37,178.66,180.85,178.34,165.65,166.73,166.87,171.8
11/06/2016,171.89,,165.02,172.1,178.77,167.77,171.56,177.65,180.08,177.95,167,166.25,167.17,171.36
12/06/2016,171.2,,164.66,170.16,177.91,166.6,171.88,176.41,178.6,177.6,167.56,165.92,166.23,170.87
13/06/2016,170.48,,164.27,170.29,176.42,164.82,171.95,174.41,174.9,178.49,167.81,165.74,165.95,170.68
14/06/2016,169.84,,162.86,169.08,176.39,163.25,172.76,173.61,172.11,177.19,168.74,165.96,165.66,170.44
15/06/2016,169.28,,162.48,168.18,174.86,161.69,173.42,173.38,170.72,176.32,168.08,166.74,165.56,169.96
16/06/2016,168.47,,160.88,168.02,174.07,160.99,174.03,172.74,168.25,174.21,167.54,167.49,165.09,168.27
17/06/2016,167.21,,159.43,167.18,172.1,160.68,173.33,171.09,166.27,172.69,165.9,166.85,163.91,167.04
18/06/2016,165.88,,158.58,167,170.2,161.79,172.69,168.66,164.49,170.49,163.57,166.13,162.16,164.76
19/06/2016,164.72,,157.1,166.69,168.49,161.11,171.84,168.01,162.16,168.34,161.75,166.36,162.14,162.68
20/06/2016,163.85,,155.6,166.47,166.51,159.19,171.73,168.32,161.04,166.66,160.63,166.96,161.94,161.16
21/06/2016,162.67,,154.48,165.26,163.73,158.68,171.21,169.54,159.38,163.44,158.25,167.38,161.35,159.32
22/06/2016,161.54,,154.02,165.19,161.7,158.18,170.63,169.25,157.3,161.42,156.26,166.93,159.85,157.71
23/06/2016,160.13,,152.76,164.3,160.29,157.73,170.42,168.7,154.62,159.67,153.98,165.68,157.66,155.71
24/06/2016,158.96,,151.97,162.6,158.68,157.26,170.39,168.67,152.33,156.91,153.62,165.18,156.71,153.22
25/06/2016,157.81,,151.49,161.93,156.76,155.89,168.25,168.25,153,154.16,151.94,163.04,157.07,151.95
26/06/2016,156.45,,152.1,161.38,154.34,153.64,165.88,167.25,150.67,152.66,151.37,161.69,156.06,150.36
27/06/2016,154.87,,152.1,161.71,151.49,153.43,163.6,165.72,148.81,149.85,149.68,158.67,154.98,148.38
28/06/2016,153.53,,150.75,161.63,151.28,151.14,163.22,164.36,146.93,148.36,149.59,155.82,152.48,146.77
29/06/2016,152.45,,151.92,163.4,149.83,149.52,161.63,161.68,144.21,147.71,149.3,154.03,152.52,143.59
30/06/2016,150.31,,150.6,162.22,147.66,147.62,160.64,159.07,142.31,144.72,147.4,151,150.62,139.8
01/07/2016,148.77,,150.29,161.24,145.31,146.72,159.71,158.13,140.9,140.9,147.44,148.24,149.24,137.15
02/07/2016,147.21,,149.59,159.15,142.49,144.43,157.79,156.42,138.69,139.71,151.35,145.93,146.79,134.14
03/07/2016,145.48,151.33,148.71,157.01,139.79,143.17,155.85,152.82,135.91,136.06,148.28,144.01,145.43,132.92
04/07/2016,143.74,146.31,150.25,155.92,138.04,142.06,153.96,148.24,131.67,133.22,151.1,143.33,144.53,130.03
05/07/2016,141.81,143.55,147.99,154.67,136.02,140.08,152.27,146.26,130.09,132.31,147.54,141.17,142.87,128.7
06/07/2016,139.43,141.16,145.95,153.63,133.98,135.99,148.89,142.05,128.17,131.78,143.98,138.69,140.42,127.88
07/07/2016,137.75,138.63,145.65,153.57,131.97,134.09,146.04,139.75,126.83,131.7,142.59,136.3,138.25,125.32
08/07/2016,136.39,137.49,144.9,154.08,129.74,132.93,143.53,136.97,126.53,129.22,142.25,135.5,134.87,125.02
09/07/2016,134.5,136.37,146.01,153.47,126.19,130.26,141.72,132.81,125.24,126.79,139.13,135.66,133.31,121.49
10/07/2016,132.74,134.27,144.95,153.34,124.34,127.24,140.5,130.03,122.16,127.4,136.25,133.96,131.45,119.75
11/07/2016,130.96,132.07,142.83,151.54,121.77,126.23,139.88,128.71,118.65,124.94,136.82,130.74,129.41,118.84
12/07/2016,129.31,128.31,142.9,150.3,119.17,124.52,139.63,127.36,116.5,123.12,134.69,130.9,128.05,115.55
13/07/2016,128.09,126.07,140.27,148.32,117.6,122.42,138.68,128.74,114.11,123.12,134.8,130.72,124.94,115.43
14/07/2016,126.52,125.05,138.4,145.84,114.47,120.87,137.21,126.2,112.46,124.23,131.62,131.11,123.03,114.25
15/07/2016,124.72,121.61,137,144.5,112.61,118.96,134.56,122.61,110.74,124.25,130.53,131.27,119.64,113.08
16/07/2016,122.99,118.72,134.48,142.72,111.96,114.31,134.24,121.66,109.25,122.38,130.56,129.93,117.4,111.32
17/07/2016,121.16,117.84,132.73,138.7,110.84,111.87,133.49,119.21,108.52,121.03,127.91,130.29,113.56,109.05
18/07/2016,119.22,114.99,129.28,135.02,109.77,109.69,131.29,117.18,107.92,119.52,126.44,130.73,111.09,106.97
19/07/2016,117.82,112.82,126.41,131.8,109.28,108.67,130.6,118.63,107.33,118.88,125.08,128.22,109.93,104.07
20/07/2016,116.21,110.05,124.78,128.57,107.95,107.6,129.05,117.65,105.36,117.73,124.26,127.04,109.33,101.42
21/07/2016,114.83,108.46,123.73,127.01,106.7,105.03,127,116.29,104.72,117.32,122.17,126.13,107.34,100.91
22/07/2016,113.34,107.74,121.4,124.33,106.14,103.12,122.11,116.17,104.91,116.95,121.23,124.71,104.42,100.21
23/07/2016,111.63,105.04,117.24,121.23,105.28,102.65,120.06,117.08,103.27,114.11,120.05,124.16,102.48,98.51
24/07/2016,110.32,104.48,113.49,120.22,103.54,100.79,118.32,117.07,102.13,112.4,119.94,123.14,100.39,98.24
25/07/2016,108.86,102.88,112.63,118.82,102.09,100.2,115.61,115.94,102.14,110.4,119.8,121.2,98.74,94.74
26/07/2016,108.01,103.66,110.99,118.34,99.92,99.49,114.14,116.66,102.97,108.24,119.38,120.25,97.5,92.56
27/07/2016,106.79,102.81,109.89,118.07,98.43,98.8,113.55,115.69,102.23,105.25,118.36,118.23,96.61,90.31
28/07/2016,105.91,101.43,109.68,118.58,97.03,97.59,113.71,116.13,102.29,101.49,117.19,116.83,94.8,90.02
29/07/2016,104.98,99.24,107.46,119.13,95.4,96.19,113.3,117.88,103.52,98.84,115.33,114.92,94.94,88.59
30/07/2016,103.81,97.24,107.9,118.72,93.77,94.18,112.2,117.69,100.94,97.02,114.52,112.66,94.45,88.2
31/07/2016,102.88,94.25,107.83,117.5,92.68,93.78,111.17,119.26,99.14,94.44,113.69,112.47,95.08,86.1
01/08/2016,102.06,90.81,109.48,116.69,91.68,92.67,112.34,120.03,99.25,91.21,111.95,111.48,93.83,85.31
02/08/2016,101.17,91.05,111.53,115.45,90.59,93.31,109.65,119.91,97.11,89.29,110.06,111,92.51,83.79
03/08/2016,100.64,89.95,112.67,114.06,90.21,91.93,109.98,118.59,96,88.26,110.75,109.8,92.77,83.32
04/08/2016,100.06,88.06,114.19,112.84,88.86,90.21,110.47,117.71,94.85,86.52,110.94,108.73,95,82.39
05/08/2016,99.51,88.54,114.25,112.42,87.55,89.59,110.16,118.5,94.95,83.72,108.93,106.63,95.72,82.64
06/08/2016,98.2,85.14,115.69,111.21,86.63,88.43,110.32,116.73,93.87,81.84,103.94,104.88,95.29,82.63
07/08/2016,97.79,84.45,117.66,110.64,85.71,87.94,112.09,116.28,93.92,80.68,101.93,102.79,94.02,83.13
08/08/2016,97.9,85.68,118.08,111.2,85.94,88.17,114.13,115.89,94.2,80.16,100.4,101.83,92.38,84.65
09/08/2016,97.86,85.59,118.41,112.69,84.61,87.91,114.83,115.58,94.52,80.72,98,100.99,91.98,86.4
10/08/2016,97.6,85.12,119.11,113.95,85.01,89,114.62,115.18,93.85,79.82,96.32,99.74,91.28,85.78
11/08/2016,97.88,84.7,120.69,114.35,84.17,90.02,117.12,115.5,93.77,79.11,96.25,98.82,91.79,86.17
12/08/2016,97.85,84.53,120.99,115.73,82.68,90.73,117.6,116.32,93.57,78.64,96.12,99.27,91.52,84.37
13/08/2016,97.79,83.79,121.28,116.23,80.49,92.9,117.91,117.6,93.77,78.76,95.08,98.14,92.33,83.04
14/08/2016,97.63,85.37,119.64,118.33,80.43,92.85,118.66,117.43,91.85,79.19,94.82,96.12,91.87,82.65
15/08/2016,98.2,87.42,120.57,120.79,80.62,94.9,121.45,117.95,90.8,77.82,95.65,95.72,90.19,82.68
16/08/2016,98.66,87.22,122.24,124.08,80.57,94.36,122.03,118.15,91.02,77.74,96.71,95.24,90.65,82.51
17/08/2016,99,88.34,123.38,126.76,81.25,95.62,121.23,117.83,90.99,77.63,96.68,95.05,90.36,81.91
18/08/2016,99,88.26,122.69,129.27,81.73,96.32,119.34,117.13,89.9,78.77,96.27,96.52,89.39,81.37
19/08/2016,99.12,89.31,123.22,130.81,82.47,97.05,117.69,117.73,89.5,77.89,96.35,97.26,87.34,81.94
20/08/2016,99.41,90.95,124.17,132.65,83.27,97.96,115.67,117.48,90.91,77.58,95.13,97.36,88.05,81.15
21/08/2016,99.58,90.9,124.57,133.86,85.28,97.61,113.95,118.05,90.68,78.11,95.31,98.14,87.51,80.6
22/08/2016,100.35,91.89,125.7,133.01,88.49,99.82,113.24,115.95,92.14,77.27,97.43,100.4,88.47,80.78
23/08/2016,101.04,93.7,125.75,132.35,92.18,99.34,113.77,115.66,93.53,76.46,97.97,101.67,91.44,79.76
24/08/2016,101.59,96.11,126.68,132.58,94.5,98.3,114.18,115.74,92.7,76.15,98.46,104.57,90.66,80.01
25/08/2016,102.76,96.29,128.11,132.74,98.04,99.57,115.1,116.81,93.18,77.25,101.34,105.08,91.9,80.43
26/08/2016,104.31,98.52,129.04,133.81,102.98,100.95,115.78,118.21,94.56,78.13,103.63,105.2,92.91,82.36
27/08/2016,105.35,99.58,130.29,135.5,107.23,101.6,116.63,119.81,94.99,77.61,104.33,106.45,92.99,82.51
28/08/2016,105.72,99.92,131.57,136.48,109.12,97.56,116.42,119.79,97.65,77.39,104.75,107.92,93.73,82.07
29/08/2016,106.54,100.2,132.28,136.75,110.44,95.63,118.85,122.56,98.74,77.05,106.48,109.37,95.76,80.85
30/08/2016,107.16,100.44,132.46,136.43,112.7,95.29,119.77,123.83,100.81,76.75,107.07,112.11,95.33,80.15
31/08/2016,108.33,101.71,132.65,136.61,116.34,96.07,120.55,124.89,102.82,78.83,107.29,113.77,96.65,80.13
01/09/2016,108.91,101.47,133.23,136.38,117.03,96.49,121.28,124.55,103.52,81.39,108.59,115.8,97.12,78.94
02/09/2016,109.85,102.62,132.04,137.2,117.36,97.33,121.57,125.25,106.34,84.09,110.55,117.1,97.61,78.95
03/09/2016,110.62,103.47,132.29,138.5,117.2,94.91,122.24,127.87,108.73,87.16,110.85,117.8,98.62,78.48
04/09/2016,112.08,104.24,133.12,141.03,117.7,94.15,124.21,129.05,111.06,90.53,114.63,119.9,99.37,78.09
05/09/2016,113.31,105.99,133.16,142.51,116.61,94.95,129.05,130.15,111.72,92.11,118.24,121.4,99.82,77.34
06/09/2016,114,107.84,132.34,143.44,117.16,93.77,129.4,131.31,113.86,95.02,120.9,121.2,97.69,78.01
07/09/2016,114.52,108.35,131.95,145.05,118.29,93.49,129.95,132.74,114.81,97.64,120.24,122.7,95.95,77.6
08/09/2016,115.52,109.53,132.13,146.54,119,94.66,129.62,134.81,114.42,101.59,121.76,124,96.54,77.19
09/09/2016,116.08,109.01,132.48,147.39,117.71,95.02,130.25,133.36,115.92,102.19,124.84,125.4,97.79,77.64
10/09/2016,116.45,110.11,131.83,146.77,116.88,93.96,129.71,134.87,117.84,105.1,125.04,125.7,97.29,78.71
11/09/2016,117.32,111.49,131.8,150.35,116.87,92.51,129.52,137.39,119.38,106.7,126.17,126.9,96.51,79.58
12/09/2016,117.61,112.18,132.72,152.15,117.21,89.37,130.78,132.98,120.41,108.11,126.16,128.9,96.9,81.09
13/09/2016,118.06,112.03,134.29,152.38,117.61,88.03,132.82,131.8,120.92,108.97,125.57,130.5,97.16,82.73
14/09/2016,118.03,110.71,135.03,152.97,117.58,87.19,135.16,133.7,120.52,106.74,123.91,132.1,96.63,82.21
15/09/2016,117.79,111.55,134.83,153.28,114.84,87.12,133.95,134.59,121.25,105.94,123.84,133.1,96.82,80.12
16/09/2016,118.12,109.56,135.53,154.17,115.59,87.74,135.48,137.12,123.24,102.9,122.32,134.3,97.34,80.32
17/09/2016,117.72,106.67,135.71,153.86,113.44,85.22,135.96,137.67,126.53,101.38,121.12,135.1,96.53,81.12
18/09/2016,117.45,105.16,135.74,153.22,111.37,82.58,136.87,136.74,126.97,103.51,119.28,136,96.86,82.49
19/09/2016,117.19,106.24,135.29,151.01,111.34,79.61,135.62,136.45,127.73,105.6,117.77,137.7,96.08,83.05
20/09/2016,116.6,106.28,133.45,149.32,110.55,78.92,132.56,136.5,128.27,106.11,116.2,138,95.52,84.13
21/09/2016,116,108.69,131.44,146.31,109.25,77.47,130.06,135.94,128.03,106.41,115.24,139,95.16,85.04
22/09/2016,115.63,109.99,132.34,144.76,107.34,76.41,126.87,135.17,127.62,107,113.49,140,95.48,86.7
23/09/2016,115.07,110.6,130.81,144.31,104.9,75.74,125.85,134.36,128.04,106.99,112.71,138.3,95.6,87.76
24/09/2016,114.29,111.15,129.56,143.57,104.88,74.85,124.02,134.68,127.71,103.26,112.62,134.5,95.05,89.89
25/09/2016,113.42,111.09,128.91,140.99,104.14,75.68,122.44,132.82,128.32,99.2,113.71,131.7,94.93,90.48
26/09/2016,112.56,110.16,128.81,140.95,103.24,74.57,119.98,130.49,127.93,96.67,112.52,130.7,95.47,91.74
27/09/2016,111.67,109.18,126.57,141.34,101.37,74.5,118.8,127.87,126.49,94.93,110.95,129.8,97.36,92.51
28/09/2016,110.63,109.31,126.44,140.04,98.9,75.34,117.6,125.85,125.12,91.83,109.94,127,97.16,93.67
29/09/2016,109.43,108.71,124.61,137.48,97.15,77.16,117.08,122.58,123.32,89.1,108.15,126.2,97.47,93.64
30/09/2016,108.29,108.97,122.41,133.69,94.62,78.1,116.01,123.88,120.76,86.6,105.99,125.7,97.14,93.87
01/10/2016,106.91,110.35,121.44,130.67,92.87,78.77,114.29,122.32,117.55,83.44,102.69,125.5,96.96,92.94
02/10/2016,105.88,111.45,122.23,127.76,91,78.07,112.22,121.36,115.78,83.87,101.1,124.9,94.61,92.13
03/10/2016,104.39,112.15,120.29,124.14,89.38,76.76,108.58,120.28,114.08,83.5,100,123.8,93.6,90.54
04/10/2016,103.27,111.42,117.56,124.11,88.1,75.58,106.95,118.27,112.63,84.1,99.2,122.3,92.37,89.89
05/10/2016,102.33,110.49,116.43,123.34,87.39,74.81,105.67,115.43,111.76,82.83,100.17,120.9,91.41,89.71
06/10/2016,101.8,109.93,115.68,121.74,86.47,75.26,103.09,116.8,110.73,81.81,100.15,120.7,91.11,89.98
07/10/2016,100.78,109.42,112.81,120.48,85.92,75.29,102.07,114.34,110.44,81.37,99.62,119.3,89.91,89.11
08/10/2016,99.67,109.54,111.26,117.96,83.56,74.82,100.74,114.96,111.87,81.21,97.08,116.7,88.87,87.17
09/10/2016,98.36,108.33,109.07,115.17,82.85,74.75,100.95,113.02,111.82,80.62,96.87,113.6,86.95,84.69
10/10/2016,97.04,105.14,107.52,112.46,83.18,74.88,101.4,109.92,111.78,79.83,95.78,110.3,85.49,83.87
11/10/2016,96.05,101.94,106.42,110.73,83.98,74.06,99.88,108.31,112.57,79.16,95.5,107,86.41,82.74
12/10/2016,95.4,100.47,106.68,108.23,85.19,73.3,98.56,108.03,112.72,78.24,95.37,104.5,87.3,81.66
13/10/2016,94.81,99.33,106.33,107.16,85.06,72.53,98.13,107.85,111.84,78.39,95.94,102.5,87.66,79.83
14/10/2016,93.39,95.1,107.02,106.42,83.92,70.29,96.55,105.15,110.6,77.78,95.81,100.5,86.6,78.27
15/10/2016,91.97,90.82,107.98,105.14,81.37,69.08,95.15,102.52,109.63,77.85,95.36,99,85.23,76.47
16/10/2016,90.48,88.23,107.81,102.72,78.5,68.45,93.27,102.84,107.34,77.21,92.86,97.8,84.23,74.94
17/10/2016,89.06,87.02,107.16,100.71,76.63,68.55,91.78,102.54,104.72,76.25,91.3,95.9,83.07,72.21
18/10/2016,87.55,86.03,106.34,98.05,75.63,67.86,90.04,100.51,102.97,75.7,89.77,93.2,81.86,70.21
19/10/2016,86.59,84.38,105.52,98.03,76.74,67.65,89.11,99.33,100.25,75.1,88.82,91.7,79.56,69.49
20/10/2016,86.02,82.76,104.74,98.5,77.37,67.54,88.02,98.94,98.93,76.09,87.61,91.9,77.27,68.56
21/10/2016,85.1,80.71,104.55,98.23,77.81,66.58,87.9,97.5,96.56,76.28,85.82,91.6,75.58,67.19
22/10/2016,84.1,79.41,103.92,97.45,77.96,65.78,87.58,95.75,95.55,75.38,85.14,90.9,73.6,64.91
23/10/2016,83.27,78.1,102.88,96.49,78.43,65.52,89.08,94.34,92.84,74.2,85.28,91.1,71.56,62.64
24/10/2016,82.62,77.22,103.01,94.84,79.89,65.99,89.52,94.04,90.74,72.97,84.21,91,69.44,61.14
25/10/2016,81.63,76.57,101.85,92.3,81.81,65.55,89.38,92.92,87.58,72.22,83.04,89.8,67.12,60.99
26/10/2016,81.04,76.69,101.92,90.77,82.24,64.6,88.85,91.7,85.31,72.02,83.48,88.6,66.2,61.09
27/10/2016,80.67,76.37,102.41,89.74,82.32,63.28,89.41,91.55,83.21,71.96,82.91,89.3,65.09,61.16
28/10/2016,80.28,75.83,102.85,89.26,82.31,62.28,89.63,91.9,80.92,71.25,82.3,89.1,64.67,61.28
29/10/2016,79.38,74.47,102.57,89.22,81.08,60.82,90.08,90.01,79.55,68.85,81.83,88.6,63.73,61.09
30/10/2016,78.97,73.31,102.68,88.88,80.32,60.21,91.01,89.11,77.79,67.34,82.08,89.3,63.59,61
31/10/2016,78.87,72.59,102.83,89.04,79.86,60.52,91.89,88.08,77.54,65.82,82.13,90.2,64.02,60.82
01/11/2016,79,72.88,102.83,90.12,80.72,60.62,92.42,86.57,77.77,64.5,82.27,90.59,65.33,60.42
02/11/2016,78.84,72.39,102.85,90.92,81.87,59.59,91.28,85.13,78.4,63.55,81.28,90.81,66.34,60.5
03/11/2016,78.76,71.62,103.38,91.5,82.41,59.27,91.09,83.51,78.76,62.8,80.02,91.78,67.39,60.37
04/11/2016,78.75,71.35,103.9,91.84,82.81,59.59,90.78,83.49,79.27,61.64,78.89,93.05,67.38,59.71
05/11/2016,78.7,71.37,103.3,91.89,82.82,59.75,90.24,84.77,79.74,61.26,77.64,93.17,67.8,59.34
06/11/2016,78.57,71.06,102.93,91.77,82.55,59.85,89.13,85.81,80.26,61.13,76.59,92.18,68.68,59.42
07/11/2016,78.34,70.56,101.62,91.54,82.45,59.75,88.63,85.71,81.1,60.53,75.76,91.51,69.36,59.9
08/11/2016,78.09,70.35,100.07,92.09,83.23,59.51,87.57,84.68,81.53,59.89,75.11,90.85,69.45,60.86
09/11/2016,77.8,69.18,97.77,91.95,83.27,59.43,86.77,84.41,81.79,60.36,75.22,90.08,69.35,61.84
10/11/2016,77.58,67.33,96.16,91.26,82.13,59.49,86.77,84.17,82.05,60.55,76.04,88.58,70.64,63.36
11/11/2016,77.2,65.65,94.37,89.36,80.36,58.97,87.72,83.63,82.56,60.86,76.2,87.29,71.42,65.26
12/11/2016,77.09,65.02,93.02,88.62,79.2,59.78,88.73,84.47,81.9,61.09,75.87,86.5,71.68,66.33
13/11/2016,76.81,64.93,92.97,86.96,77.51,60.64,88.37,85.39,80.56,61.25,75.37,85.63,71.53,67.37
14/11/2016,76.46,65.37,92.94,85.21,76.25,60.53,86.7,86.14,79.6,61.23,75.62,85.43,71.06,67.92
15/11/2016,76.43,65.86,92.85,84.88,76.09,60.03,86.01,87.93,78.81,61.53,75.74,85.12,70.51,68.17
16/11/2016,76.2,66.56,92.79,84.69,76.12,59.36,84.95,89.13,75.97,61.01,75.97,84.89,69.71,69.43
17/11/2016,76.11,67.13,91.96,85.53,76.34,59,83.57,89.76,73.26,61.56,76.32,85.86,69.25,69.87
18/11/2016,75.95,66.72,90.45,86.26,76.4,59.74,83.84,89.97,71.06,61.57,77.81,85.06,68.73,69.76
19/11/2016,75.94,66.47,88.79,87.48,76.05,60.22,84.44,90.16,70.31,61.25,79.17,84.64,68.77,69.47
20/11/2016,76.05,67.01,88.57,88.52,75.08,60.11,84.52,89.44,69.55,61.31,80.86,84.62,69.97,69.03
21/11/2016,76.17,67.78,88.4,89.8,73.73,60.27,84.87,89.12,69.26,60.7,82.02,85.36,71.84,67.05
22/11/2016,76.1,68.09,89.03,89.71,72.37,60.77,84.39,87.36,69.64,60.59,83.55,86.09,71.59,66.12
23/11/2016,76.52,69.12,89.64,90.04,70.59,61.11,82.59,89.68,70.93,61.33,84.69,86.58,71.66,66.82
24/11/2016,76.96,69.68,90.56,90.57,69.66,61.04,80.68,90.77,71.86,62.9,85.71,87.71,71.79,67.49
25/11/2016,77.39,70.03,90.98,89.98,69.69,62.16,80.06,92.72,72.51,64.05,85.72,88.89,72.09,67.21
26/11/2016,77.61,69.18,89.93,89.57,70.23,63.15,80.19,94.65,72.97,64.08,85.55,89.93,72.88,66.57
27/11/2016,77.76,67.66,89.01,89.69,71.14,63.76,80.14,96.42,74.28,65.18,85.55,90.1,72.06,65.91
28/11/2016,77.91,66.57,87.53,88.95,72.81,64.86,80.7,97.49,74.61,64.9,86.31,91.05,70.4,66.62
29/11/2016,78.04,65.96,87.69,87.72,74.7,65.25,80.84,98.35,75.98,64.47,87.19,90.31,69.07,67.02
30/11/2016,78.17,65.53,87.83,86.83,76.93,65.79,80.09,99.13,77.22,63.51,88.38,89.78,67.89,67.32
01/12/2016,78.41,65.77,87.08,85.8,78.48,66.12,80.02,100.06,78.83,62.66,89.75,88.9,67.89,67.98
02/12/2016,78.46,66.66,86.29,85.05,80.06,66.91,79.8,100.43,79.52,61.86,90.64,87.8,66.45,68.51
03/12/2016,78.33,67.33,86.39,83.52,80.32,67.93,79.66,100.06,78.42,62.76,90.74,86.49,65.72,69
04/12/2016,78.37,67.57,86.12,83.44,81.04,69.18,79.77,100,77.26,63.67,89.57,85.33,66.09,69.76
05/12/2016,78.22,67.49,85.43,84.26,81.32,70.4,80.26,98.67,76.57,63.87,88.27,83.65,65.68,70.99
06/12/2016,78.14,67.66,86.49,84.72,81.91,70.15,81.75,97.67,76.27,64.12,87.15,80.8,65.54,71.58
07/12/2016,78.5,68.36,87.97,85.42,82.79,69.86,83.01,96.81,76.61,65.67,85.98,78.74,66.54,72.72
08/12/2016,79.09,69.74,88.73,87.64,83.84,69.86,83.93,95.87,77.45,67.46,84.65,76.9,67.49,74.61
09/12/2016,79.46,71.07,89.41,86.84,85.55,69.59,84.36,94.93,78.75,68.7,84.7,76.12,67.67,75.29
10/12/2016,79.79,71.24,89.74,89.54,86.54,69.18,84.62,94.34,79.52,69.01,84.39,76.02,67.69,75.5
11/12/2016,80.16,72.57,89.86,91.73,87.21,69.27,85.1,93.32,79.76,69.67,84.05,76.69,67.51,75.34
12/12/2016,80.57,74.31,89.3,93.33,87.9,70.34,86.53,92.39,80.34,69.9,84.35,76.27,66.91,75.51
13/12/2016,80.84,74.87,88.87,93.22,87.96,71.58,87.64,91.66,81.41,69.53,85.84,76.45,66.55,75.38
14/12/2016,81.58,75.41,90.08,93.7,89.68,72.74,88.64,91.51,82.92,69.9,86.82,77.54,66.31,75.35
15/12/2016,82.5,76.68,91.09,94.07,91.22,72.63,89.84,92.72,83.72,71.02,87.59,79.04,67.23,75.7
16/12/2016,83.38,77.75,91.45,95.03,92.39,73.55,91.44,92.1,85.41,71.34,88.91,80.08,68.48,76.02
17/12/2016,84.65,78.79,92.18,95.49,93.47,74.64,93,95.01,87.42,72.45,90.28,81.35,69.76,76.58
18/12/2016,85.68,79.19,92.8,95.92,94.31,75.66,94.34,96.14,88.79,74.05,91.95,82.35,71.02,77.31
19/12/2016,86.61,81.45,93.33,96.42,94.4,75.91,95.76,97.87,89.15,75.64,93.2,82.96,71.93,77.9
20/12/2016,87.57,83.06,94.62,97.03,95.71,76.58,96.56,99.52,90.44,77.31,92.09,83.16,72.86,79.49
21/12/2016,88.55,84.55,95.67,97.73,96.68,76.55,97.63,101.15,91.2,79.38,90.98,83.33,74.29,82.06
22/12/2016,89.73,84.78,97.22,99.79,97.24,77.24,98.83,102.47,91.79,81.06,90.83,84.22,76.14,84.87
23/12/2016,90.73,83.37,99.52,99.87,97.27,78.02,99.07,104.25,94.15,81.9,90.89,85.56,78.17,87.5
24/12/2016,91.73,83.46,102,100.59,98.17,79.24,97.48,105.59,95.82,82.51,91.39,87.71,79.5,89.03
25/12/2016,92.88,83.37,104.46,101.85,98.69,81.08,96.56,107.02,97.29,82.56,92.53,90.22,81.36,90.4
26/12/2016,94.46,84.19,106.29,103.52,99.76,82.63,98,108.9,98.69,84.07,94.12,92.77,83.32,91.75
27/12/2016,95.82,85.43,107.15,105.8,99.2,84.26,98.28,110.98,100.62,85.92,94.97,95.15,84.8,93.09
28/12/2016,97.1,87.51,108.7,107.09,98.69,85.08,101.05,110.59,102.14,87.2,97.11,97.13,86.07,93.91
29/12/2016,98.44,89.31,110.88,108.02,99.2,86.15,103.07,110.81,103.13,88.74,99.41,98.63,87.68,94.72
30/12/2016,100.07,92.24,112.67,109.14,99.9,87.97,105.15,112.49,103.84,90.73,102.27,100.02,89.09,95.44
31/12/2016,101.75,95.07,114.51,110.64,100.63,90.36,107.51,113.53,104.6,92.11,105.45,101.25,90.99,96.08
